platform,product_url
jumia,https://www.jumia.co.ke/a2-tablet-dual-sim-10.1-inch-844gb-ram128gb-rom-android-14-6000-mah-batterygray-redbeat-mpg8920968.html
jumia,https://www.jumia.co.ke/b1-kids-tablet-7-inch-hd-2gb-ram32gb-rom-android-11-blue-silicone-case-white-redbeat-mpg8920963.html
jumia,https://www.jumia.co.ke/bensoo-f9-bluetooth-headsets-wireless-earphones-earbuds-ear-325148603.html
jumia,https://www.jumia.co.ke/bensoo-m10-bluetooth-headsets-wireless-earphones-earbuds-ear-325032055.html
jumia,https://www.jumia.co.ke/c-idea-10.1-inch-android-tablet-pc-12-dual-camera-sim-8gb-ram-512gb-bluetooth-fntastic-green-178014578.html
jumia,https://www.jumia.co.ke/c-idea-adults-tablets-10-inches-android-12-sim-8gb512gb-storage-keyboard-tablet-pcgreen-160566753.html
jumia,https://www.jumia.co.ke/c-idea-adults-tablets-10-inches-android-12-sim-8gb512gb-storage-keyboard-tablets-pcpink-326177313.html
jumia,https://www.jumia.co.ke/c-idea-adults-tablets-10-inches-android-12-sim-8gb512gb-storage-keyboard-tablets-pcpurple-326177350.html
jumia,https://www.jumia.co.ke/c-idea-android-15-tablets-10.1-inches-sim-8gb1tb-keyboard-mouse-long-standby-tablet-pc-silver-325430221.html
jumia,https://www.jumia.co.ke/c1-tabletdual-sim8-inch-633gb-ram-64gb-rom-android14-4000mah-batterygray-redbeat-mpg8920967.html
jumia,https://www.jumia.co.ke/desktop-smartphone-holder-foldable-phone-stand-black-generic-mpg416630.html
jumia,https://www.jumia.co.ke/genera-brand-new-zpl-adults-tabletstablets-phones-for-adultsdual-sim-card-slot-10.1-inch-android-13-sim-6gb128gb-8000mah-keyboard-mouse-and-leather-casepurple-326894732.html
jumia,https://www.jumia.co.ke/general-zpl-adults-tablet-10.1-12gb-512gb-10000mah-android-14-sim-24mp-48mp-22w-flash-charge-mtk-6771-120hz-a-gps-with-mouse-keyboard-and-leather-case-black-312795206.html
jumia,https://www.jumia.co.ke/generic-g03-neckband-wireless-bluetooth-in-ear-sports-earphone-headset-169371598.html
jumia,https://www.jumia.co.ke/gueeton-stereo-f9-bluetooth-earphone-power-headset-35221857.html
jumia,https://www.jumia.co.ke/htc3288qs-32-inch-qled-smart-android-tv-black1yr-wrty-vitron-mpg9595721.html
jumia,https://www.jumia.co.ke/infinix-hot-60i-4g-6.7-4gb-ram-128gb-dual-sim-5160mah-sleek-black-1yr-wrty-326262819.html
jumia,https://www.jumia.co.ke/infinix-hot-60i-4g-6.7-6gb-ram-128gb-5160mah-dual-sim-sleek-black-1yr-wrty-324932236.html
jumia,https://www.jumia.co.ke/infinix-hot-60i-4g-6.7-6gb-ram-128gb-5160mah-silver-1yr-wrty-325238710.html
jumia,https://www.jumia.co.ke/infinix-hot-60i-4g-6.7-8gb-ram-256gb-5160mah-dual-sim-black-1yr-wrty-325238715.html
jumia,https://www.jumia.co.ke/infinix-hot-60i-4g6.7-inch12-gb66ram128gb-rom-battery-5160mah-comes-with-free-gifts-airpods-led-watch-powerbank-for-you-neon-red-324994855.html
jumia,https://www.jumia.co.ke/infinix-note-50-pro-6.78-8gb-ram-256gb-dual-sim-5200mah-shadow-black-free-gift-1yr-wrty-316949276.html
jumia,https://www.jumia.co.ke/infinix-smart-10-6.67-4gb-ram-64gb-dual-sim-5000-mah-4g-black-1yr-wrty-325385282.html
jumia,https://www.jumia.co.ke/infinix-smart-10-6.67-4gb-ram-64gb-dual-sim-5000-mah-4g-titanium-silver-1yr-wrty-325385273.html
jumia,https://www.jumia.co.ke/itel-a90-6.6-4gb-ram-128gb-dual-sim-5000mah-black-1yr-wrty-314345157.html
jumia,https://www.jumia.co.ke/itel-apex-n10-smartwatch-1.43-amoled-digital-compass-5atm-waterproof-tracking-by-gps-corning-gorilla-glassmultiple-sports-modes-dark-chrome-325411228.html
jumia,https://www.jumia.co.ke/itel-fast-wall-charger-type-c-a.i-smart-features-icw-204u-325222948.html
jumia,https://www.jumia.co.ke/itel-it2165-wireless-fm-torch-1000mah-dual-sim-phone-blue-326602975.html
jumia,https://www.jumia.co.ke/itel-itel-powerpulse-a1121-power-bank-10000mah-type-c-308906446.html
jumia,https://www.jumia.co.ke/itel-itel-storm-ultra-2.02-hd-scratchproof-o23-metal-crafted-black-298479867.html
jumia,https://www.jumia.co.ke/itel-s26-ultra-6.78-256gb-8gb-ram-dual-sim-6000mah-blackblue-1-yr-wrty-325725329.html
jumia,https://www.jumia.co.ke/itel-smart-watch-horizon-smartwatch-n8-grey-tws-budsair-3-1.43-curved-amoled-360mah-5-7-days-usage-waterproof-ip68-326074811.html
jumia,https://www.jumia.co.ke/itel-smartwatch-edge-r1-pro-043-1.43-super-amoled-display-5-minute-charge-24-hour-usageip68-waterproof-308793532.html
jumia,https://www.jumia.co.ke/itel-smartwatch-lux-l1-up-to-30-days-battery-life2.01-hd-screen-ip68-waterproof-600mah-big-battery-isw-l1-black-313073763.html
jumia,https://www.jumia.co.ke/itel-tws-budsfire-super-bass-earpods-6-hours-battery-life-bt-version-5.3-type-c-charging-10m-wireless-range-touch-control-silver-275345104.html
jumia,https://www.jumia.co.ke/itel-tws-budsplay-earbuds-4-mic-enc-calls-45ms-ultra-low-latency-360-degree-super-bass-technology-gaming-mode-co-branded-boomplay-321599461.html
jumia,https://www.jumia.co.ke/koruima-k2402-button-phones-2.4-1800mah-5v-1a-type-c-charger-big-battery-dual-sim-feature-phones-black-325452530.html
jumia,https://www.jumia.co.ke/kuhl-kuhl-k1-20000mah-power-bank-high-capacity-portable-charger-for-phones-usb-devices-326556329.html
jumia,https://www.jumia.co.ke/kuhl-kuhl-k2-20000mah-power-bank-high-capacity-portable-charger-for-phones-usb-devices-326556308.html
jumia,https://www.jumia.co.ke/lesia-l256-2.4qvga-dunl-sim-2500mah-feature-phone-with-camera-326903723.html
jumia,https://www.jumia.co.ke/lesia-l257-2.4qvga-1400mah-tripple-sim-feature-phone-with-camera-black-1yr-wrty-326633776.html
jumia,https://www.jumia.co.ke/lesia-prime-mini-1.77qqvga-dunl-sim-800mah-feature-phone-with-camera-326888654.html
jumia,https://www.jumia.co.ke/lesia-prime-mini-1.77qqvga-dunl-sim-800mah-feature-phone-with-camera-326954172.html
jumia,https://www.jumia.co.ke/oraimo-boompop-lite-enc-over-ear-wireless-headphones-black-312876048.html
jumia,https://www.jumia.co.ke/oraimo-boompop-lite-enc-over-ear-wireless-headphones-gold-312876056.html
jumia,https://www.jumia.co.ke/oraimo-freepods-neo-enc-true-wireless-e-ar-buds-263388842.html
jumia,https://www.jumia.co.ke/oraimo-highway-15-15.5w-car-charger-with-3-in-1-cable-263386522.html
jumia,https://www.jumia.co.ke/oraimo-magcable-cable-de-donnees-type-c-vers-type-c-1m-60w-309766023.html
jumia,https://www.jumia.co.ke/oraimo-necklace-lite-wireless-headphones-call-vibration-30hr-playtime-black-312418741.html
jumia,https://www.jumia.co.ke/oraimo-spacebox-active-wireless-speaker-25w-powerful-sound-portable-black-326439009.html
jumia,https://www.jumia.co.ke/oraimo-spacebox-wireless-bluetooth-speaker-portable-8w-fm-grey-317633439.html
jumia,https://www.jumia.co.ke/oraimo-spacebuds-lite-deep-bass-clear-calls-and-immersive-360-sound-40-hr-playtime-true-wireless-earbuds-black-325461606.html
jumia,https://www.jumia.co.ke/oraimo-spacebuds-lite-sound360-anti-lost-true-wireless-earbuds-black-326442264.html
jumia,https://www.jumia.co.ke/oraimo-spacebuds-lite-true-wireless-earbuds-sound360-anti-lost-black-325602719.html
jumia,https://www.jumia.co.ke/oraimo-spacebuds-neo-anc-spatial-audio-true-wireless-earphones-light-gold-326145067.html
jumia,https://www.jumia.co.ke/oraimo-spacebuds-neo-true-wireless-spatial-earbuds-sound360-audio-black-316885068.html
jumia,https://www.jumia.co.ke/oraimo-toast-22.5-byte-portable-power-bank-10000mah-22.5w-power-led-display-317483210.html
jumia,https://www.jumia.co.ke/oraimo-watch-nova-2-2.01-amoled-screen-smart-watch-325730826.html
jumia,https://www.jumia.co.ke/poco-c85-6.9-256gb-8gb-ram-dual-sim-6000mah-4g-black-25-months-warranty-325669322.html
jumia,https://www.jumia.co.ke/poco-m6-pro-4g-6.67-8gb-ram-256gb-rom-5000mah-dual-sim-black-25-months-wrty-327130609.html
jumia,https://www.jumia.co.ke/redmi-15c-byxiaomi-128gb-8gb-ram-44gb-6.9-50mp-main-camera-6000mah-android-15-smart-phones-black-free-gifts-326964293.html
jumia,https://www.jumia.co.ke/redmi-15c-byxiaomi-4g-6.9-6gb-ram-128gb-6000mah-black-25-months-warranty-325507985.html
jumia,https://www.jumia.co.ke/redmi-15c-byxiaomi-4g-6.9-8gb-ram-256gb-6000mah-moonlight-blue-25-months-warranty-327099395.html
jumia,https://www.jumia.co.ke/redmi-15c-byxiaomi-6.9-4gb-ram-128gb-6000mah-dual-sim-1-year-warranty-black-ledwatchearpodscablecardreaderpowerbank-325233796.html
jumia,https://www.jumia.co.ke/redmi-15c-byxiaomi-6.9-4gb-ram-128gb-6000mah-with-free-gifts-airpods-led-watch-powerbank-black-325233624.html
jumia,https://www.jumia.co.ke/redmi-15c-byxiaomi-6.9-4gb-ram-128gb-dual-sim-6000mah-black-25-months-warranty-325490535.html
jumia,https://www.jumia.co.ke/redmi-15c-byxiaomi-6.9-8gb-ram-256gb-6000mah-dual-sim-black-1-yr-wrty-led-watch-earpods-cable-card-reader-power-bank-325233848.html
jumia,https://www.jumia.co.ke/redmi-15c-byxiaomi-6.9-upto-8gb-extended-ram-128gb-6000mah-dual-sim-black-1-yrwrty-led-watch-earpods-powerbank-325233783.html
jumia,https://www.jumia.co.ke/renewed-apple-iphone-x-3gb-ram-64gb-storage-refurbished-by-badili-5.8-super-retina-display-12mp-dual-camera-unlocked-ios-smartphone-327065195.html
jumia,https://www.jumia.co.ke/renewed-badili-samsung-galaxy-a20-smartphone-refurbished-android-phone-32gb-rom-3gb-ram-single-sim-black-free-32gb-memory-card.-203992828.html
jumia,https://www.jumia.co.ke/renewed-galaxy-a10e-black-android-smartphone-32gb-5.83-hd-display-8mp-camera-4g-lte-3000mah-battery-refurbished-by-badili.-260143639.html
jumia,https://www.jumia.co.ke/renewed-galaxy-s10-android-smartphone-128gb-8gb-ram-single-sim-black-refurbished-mobile-phone.-325250884.html
jumia,https://www.jumia.co.ke/renewed-iphone-11-4gb-ram-128gb-storage-dual-12mp-camera-6.1-liquid-retina-display-3110mah-battery-12-months-warranty-dual-sim-4g-lte-refurbished-by-badili-red-326659330.html
jumia,https://www.jumia.co.ke/renewed-iphone-11-4gb-ram-128gb-storage-dual-12mp-camera-6.1-liquid-retina-display-3110mah-battery-12-months-warranty-dual-sim-4g-lte-refurbished-by-badili-white-326355131.html
jumia,https://www.jumia.co.ke/renewed-refurbished-samsung-galaxy-a14-5g-6.6-4gb-ram-64gb-rom-5000mah-single-sim-black-6-months-wrty-325026312.html
jumia,https://www.jumia.co.ke/renewed-samsung-galaxy-a20-32gb-rom3gb-ram-6.4-4000mah-13mp-8mp-camera-smartphone-black-325552894.html
jumia,https://www.jumia.co.ke/renewed-samsung-galaxy-a20-android-smartphone-white-32gb3gbsingle-sim-refurbished-by-badili.-306464315.html
jumia,https://www.jumia.co.ke/renewed-samsung-galaxy-a20-red-32gb3gbsingle-sim-refurbished-free-32-gb-memory-card-318207722.html
jumia,https://www.jumia.co.ke/renewed-samsung-galaxy-s10-android-smartphone-128gb-8gb-ram-single-sim-blue-refurbished-mobile-phone.-325250481.html
jumia,https://www.jumia.co.ke/richripple-m10-led-display-bluetooth-headsets-9d-stereo-wireless-earphones-black-179381044.html
jumia,https://www.jumia.co.ke/richripple-sports-bluetooth-into-the-ear-neck-hanging-type-running-stereo-large-capacity-wireless-earphone-179381069.html
jumia,https://www.jumia.co.ke/samsung-25w-watts-fast-charger-adapter-for-galaxy-a15a25a05ss23fe-with-type-c-output-300295763.html
jumia,https://www.jumia.co.ke/samsung-galaxy-a06-6.7-4gb-ram-64gb-dual-sim-5000mah-black-1yr-wrty-299889399.html
jumia,https://www.jumia.co.ke/samsung-galaxy-a06-6.7-display-4gb-ram-128gb-rom-dual-sim-50mp-camera-5000mah-comes-with-free-gifts-airpods-smart-watch-powerbank-for-youblack-314947615.html
jumia,https://www.jumia.co.ke/samsung-galaxy-a06-6.7-display-4gb-ram-64gb-rom-dual-sim-50mp-camera-5000mah-bluefree-gifts-306245903.html
jumia,https://www.jumia.co.ke/samsung-galaxy-a16-4gb-ram-128gb-rom-6.7-android-145000mah-light-gray-296934715.html
jumia,https://www.jumia.co.ke/samsung-galaxy-a16-6.7-128gb-4gb-ram-dual-sim-5000mah-black-free-gifts-325377699.html
jumia,https://www.jumia.co.ke/samsung-galaxy-a16-6.7-hd-4gb-ram-128gb-dual-sim-50mp-5000mah-black-free-gifts-airpods-smart-watch-powerbank-297282814.html
jumia,https://www.jumia.co.ke/samsung-galaxy-a16-6.7-hd-4gb-ram-128gb-rom-dual-sim-50mp-5000mah-comes-with-free-gifts-airpods-smart-watch-powerbank-for-you-grey-297282731.html
jumia,https://www.jumia.co.ke/samsung-galaxy-a17-4g-6.7-4gb-ram-128gb-dual-sim-5000mah-black-2yrs-wrty-326942489.html
jumia,https://www.jumia.co.ke/simi-b201-2.4inch-feature-phone-solar-charging-4000mah-325418760.html
jumia,https://www.jumia.co.ke/simi-s121-1.77inch-feature-phone-dual-sim-card-1050mah-3232mbit-black-325418824.html
jumia,https://www.jumia.co.ke/simi-s240-feature-phone-2.4inch-dual-sim-card-2500mah-325418761.html
jumia,https://www.jumia.co.ke/tecno-camon-40-pro-4g-6.78-inches-8gb-ram256gb-5200-mah-galaxy-black-2yrs-wrty-326847385.html
jumia,https://www.jumia.co.ke/tecno-spark-40-6.67-hd-8gb-ram-128gb-dual-sim-50mp-5200mah-with-free-gifts-airpods-led-watch-powerbank-for-you-titanium-grey-323688387.html
jumia,https://www.jumia.co.ke/tecno-spark-40-6.67-hd-8gb-ram-128gb-dual-sim-5200mah-grey-free-led-watchearpodspowerbank-323701040.html
jumia,https://www.jumia.co.ke/tecno-spark-40-6.67-hd-up-to-8gb-ram-128gb-rom-dual-sim-50mp-5200-mah-led-watch-powerbank-airpods-325541835.html
jumia,https://www.jumia.co.ke/tecno-spark-40-6.67-hd-up-to-8gb-ram-128gb-rom-dual-sim-50mp-5200mah-black-earpods-led-watch-power-bank-323751998.html
jumia,https://www.jumia.co.ke/tecno-spark-40-pro-6.78-128gb-8gb-ram-8gb-extended-dual-sim-5200mah-ink-black-1yr-wrty-326843468.html
jumia,https://www.jumia.co.ke/tv-32-inches-qled-smart-tv-frameless-bluetooth-android14-wifi-digital-netflix-youtube-prime-32-television-1-year-warranty-new-launch-price-wall-mount-free-gift-itel-mpg9993922.html
jumia,https://www.jumia.co.ke/tws-budsair-5-e-subtle-shine-sleek-curves-rich-deep-bass-sound-39-hours-long-playtime-3.5g-lightweight-in-ear-design-portable-with-a-lanyard-black-itel-mpg9975767.html
jumia,https://www.jumia.co.ke/tws-budsair-5-i-deep-bass-with-13.22mm-large-driver-lightweight-half-in-ear-design-32-hours-playtime-ai-translations-iew-50-black-itel-mpg9977072.html
jumia,https://www.jumia.co.ke/tynix-g01-wireless-earbuds-headset-bluetooth-earphones-neckband-sport-style-314489761.html
jumia,https://www.jumia.co.ke/tynix-pro4-leather-upgraded-verson-long-lasting-battery-wireless-bluetooth-earphone-325666066.html
jumia,https://www.jumia.co.ke/vic-20000mah-power-banks-portable-charger-ultra-light-battery-pack-black-247696732.html
jumia,https://www.jumia.co.ke/villaon-v110-1.77-1000mah-dual-sim-black-326370555.html
jumia,https://www.jumia.co.ke/villaon-v120-1.77-1000mah-triple-sim-feature-phone-black-326369869.html
jumia,https://www.jumia.co.ke/villaon-v120-1.77-1000mah-triple-sim-feature-phone-blue-326369895.html
jumia,https://www.jumia.co.ke/villaon-v5606-1.77-1000mah-feature-phone-dual-sim-black-326370531.html
jumia,https://www.jumia.co.ke/vivo-v50-5g-6.77-12gb-ram-512gb-dual-sim-6000mah-satin-black-2yrs-wrty-312949467.html
jumia,https://www.jumia.co.ke/xiaomi-redmi-15-4g-6.9-8gb-ram-256gb-7000mah-black-25-months-warranty-325669155.html
jumia,https://www.jumia.co.ke/xiaomi-redmi-15-4g-6gb-ram-128gb-7000mah-black-2yrs-wrty-325627719.html
jumia,https://www.jumia.co.ke/xiaomi-redmi-15-4g-6gb-ram-128gb-7000mah-grey-25-months-warranty.-325670447.html
jumia,https://www.jumia.co.ke/xiaomi-redmi-15-4g-6gb-ram-128gb-7000mah-purple-25-months-warranty.-325669445.html
jumia,https://www.jumia.co.ke/xiaomi-redmi-a5-6.88-3gb-64gb-5200mah-dual-sim-4g-midnight-black-25-months-314319251.html
jumia,https://www.jumia.co.ke/xiaomi-redmi-buds-6-lite-325759850.html
jumia,https://www.jumia.co.ke/xiaomi-redmi-note-15-6.77-8gb-ram-256gb-6000mah-black-25-months-warranty-free-buds-6-play-326642290.html
jumia,https://www.jumia.co.ke/xiaomi-redmi-note-15-6.8-6gb-ram-128gb-6000mah-black-25-months-warranty-free-buds-6-play-326643216.html
jumia,https://www.jumia.co.ke/xiaomi-redmi-note-15-pro-5g-6.83-8gb-ram-256gb-6500mah-blue-25-months-warranty-free-watch-5-326639973.html
jumia,https://www.jumia.co.ke/xiaomi-redmi-note-15-pro-6.77-8gb-ram-256gb-dual-sim-6500mah-black-25-months-warranty-free-buds-6-play-326638116.html
kilimall,https://www.kilimall.co.ke/listing/1000100017-Euroken-Euro6531EE-Standing-Gas-Cooker
kilimall,https://www.kilimall.co.ke/listing/1000192714-realme-Note-50-90Hz-Smartphone
kilimall,https://www.kilimall.co.ke/listing/1000192744-realme-Note-50-90Hz-Smartphone
kilimall,https://www.kilimall.co.ke/listing/10002226085-ElectroMate-2-Burner-Stainless-Steel-Gas-Cooker-Durable-Tabletop-LPG-Stove-with-Brass-Burners-Flame-Control-Compact-Cooking-Appliance-for-Home-Use-Silver
kilimall,https://www.kilimall.co.ke/listing/1000299072-Samsung-Galaxy-A06-64GB-50MP-5000mAh
kilimall,https://www.kilimall.co.ke/listing/1000332494-XIAOMI-Redmi-14C-128GB-Storage-Up-to-8GB-Ram-50MP-AI-Dual-Camera-Immersive-688-HD-Display-Up-to-120Hz-Refresh-Rate-Dual-Sim-5160mAh-Type-Battery-Elegant-Glass-Back-Cover-Smart-Phone
kilimall,https://www.kilimall.co.ke/listing/1000377595-Refurbished-OPPO-F11-A9-Smart-Phone-128GB6GB-65-4000mAh-Fingerprint-unlock-phone-Dual-SIM-4G-phone-Refurbished-Phone-SmartPhones-Mobile-Phones-128GB-phone-4G-Phone-oppp-phone-smartphone
kilimall,https://www.kilimall.co.ke/listing/1000378067-Refurbished-OPPO-A3-F7-Smart-Phone-128GB4GB-623-3500mAh-phone-Dual-SIM-4G-phone-Refurbished-Phone-SmartPhones-Mobile-Phones-128GB-phone-4G-Phone-oppp-phone-smartphone
kilimall,https://www.kilimall.co.ke/listing/10004045425
kilimall,https://www.kilimall.co.ke/listing/1000418514-itel-P55-24-816GB-128GB-66-90Hz-Smartphone
kilimall,https://www.kilimall.co.ke/listing/10004787655-Baby-Phone-Toy-Music-Sound-Telephone-Sleeping-Toys-With-Teether-Simulation-Phone-Kids-Infant-Early-Educational-Learning-Toy-Birthday-Gift-Pink
kilimall,https://www.kilimall.co.ke/listing/10004811517
kilimall,https://www.kilimall.co.ke/listing/10005136618-Baby-Fruit-Feeder-Silicone-Pacifier-Set-BPAFree-FoodGrade-for-Safe-Sucking-Teething-Relief-AllinOne-Feeder-Soother-for-03-Years-Brown
kilimall,https://www.kilimall.co.ke/listing/10005191405
kilimall,https://www.kilimall.co.ke/listing/1001008317-Samsung-Galaxy-A16-128GB-Smartphone
kilimall,https://www.kilimall.co.ke/listing/1001023450-TOSHIBA-R63-i5-Laptop-133
kilimall,https://www.kilimall.co.ke/listing/1001031918-LIMETED-TIME-DEALSSamsung-Galaxy-A06-128GB4GB-MTK-Helio-G85-12nm-50MP-Dual-Camera-67-Large-Display-5000mAh-25W-TypeC-Charge-Android-14-Smart-Phones-Side-Fingerprint-Unlock-phoneFREEBIES
kilimall,https://www.kilimall.co.ke/listing/1001058752-ElectroMate-2-Burner-Stainless-Steel-Gas-Cooker-Durable-Tabletop-LPG-Stove-with-Brass-Burners-Flame-Control-Compact-Cooking-Appliance-for-Home-Use
kilimall,https://www.kilimall.co.ke/listing/1001097629-EUROKEN-EK26LC24T2-24-LED-TV
kilimall,https://www.kilimall.co.ke/listing/1001101828-Rebune-Vaccum-Cleaner-Dry-only-RE9034-With-2000-Watts-Electronics-And-Appliances-Home-Improvement-Vacuum-cleaners-with-2-years-warranty
kilimall,https://www.kilimall.co.ke/listing/1001103226-Euroken-50L-Standing-Gas-Cooker-4-Burners
kilimall,https://www.kilimall.co.ke/listing/1001117131-FUJITSU-Lifebook-U939-Laptop
kilimall,https://www.kilimall.co.ke/listing/1001130860-Limited-Time-Offer-Hp-Notebook-250G6-Intel-Pentium-8GB-RAM-256GB-SSD-Storage-156-Inch-Screen-Size-With-Windows-and-Office-Installed-Refurbished-Computer-Notebook-Laptop
kilimall,https://www.kilimall.co.ke/listing/1001172769-NEW-ARRIVAL-CORN-C16-PRO-MAX-66-STORAGE-ROM-64GB-RAM-5GB-STRONG-BATTERY-5000-mAh-DOUBLE-SIM-CARD-SMART-PHONE-ON-OFFER-FINGERPRINT-FACE-UNLOCK8MP-SEILFE-13MP-TYPEC-CHARGER-Phone-Smart-Phone
kilimall,https://www.kilimall.co.ke/listing/1001176799-Refurbished-FUJITSU-U938-Laptop-Core-i5-7th-Generation-275-GHz-8-GB-RAM-256GB-SSD-133-inch-Full-HD-Display-UltraLight-22-lbs-Windows-10-Pro-HDMI-USB-Ethernet-ports
kilimall,https://www.kilimall.co.ke/listing/1001200040-Corn-C16-Pro-Max-64GB-Storage-523Extended-RamUnlocked-Cell-Phone-Android-66HD-WATERDROP-SCREEN-13MP-Main-Camera8mp-Front-camera-5000mAh-Dual-SIM-Face-ID-GPS-OTG-Smart-Phone-Smartphone
kilimall,https://www.kilimall.co.ke/listing/1001258085-Refurbished-Apple-MacBook-Pro-13-Core-i5-24GHz-8GB-RAM-500GB-HDD-Mid-2012-MacOS-Laptop-Silver-Bag
kilimall,https://www.kilimall.co.ke/listing/1001259613-Refurbished-Apple-MacBook-Pro-13-Core-i5-24GHz-8GB-RAM-500GB-HDD-Mid-2012-MacOS-Installed-Laptop-Silver
kilimall,https://www.kilimall.co.ke/listing/1001319381-Samsung-Galaxy-A06-64GB128GB-Smartphone
kilimall,https://www.kilimall.co.ke/listing/1001338947-Generic-Portable-Electric-Fan-for-Laptop-Desktop-Cooling
kilimall,https://www.kilimall.co.ke/listing/1001347735-TECNO-Spark-40-AI-Smartphone
kilimall,https://www.kilimall.co.ke/listing/1001352979-Samsung-Galaxy-A16-128GB-Smartphone
kilimall,https://www.kilimall.co.ke/listing/1001361489-Infinix-Hot-60i-256GB-Smartphone
kilimall,https://www.kilimall.co.ke/listing/1001362919-Lenovo-CFMX4-Laptop-i5-5th-Gen-4GB-128GB-SSD
kilimall,https://www.kilimall.co.ke/listing/1001415714-AILYONS-High-Performance-Home-Appliance-Energy-Efficient-Dry-Iron-Box-Ironbox-FREE-GIFT-Rechargeable-Dining-Table-Water-Hand-Pump-Dispenser1000WCompact-designNonstick-soleplateOverheating-prot
kilimall,https://www.kilimall.co.ke/listing/1001431457-XIAOMI-REDMI-15C-128GB-Smartphone
kilimall,https://www.kilimall.co.ke/listing/1001434746-Samsung-Galaxy-A07-128GB-Smartphone
kilimall,https://www.kilimall.co.ke/listing/1001482700-TopRatedAILYONS-SelfService-High-Performance-Home-Appliance-Energy-Efficient-Dry-Iron-Box-Ironbox-FREE-GIFT-Rechargeable-Water-Hand-Pump-Dispenser
kilimall,https://www.kilimall.co.ke/listing/1001483278-FREE-Mouse-Lenovo-ThinkPad-Yoga-11E-x360-Convertible-2-in-1-4-GB-RAM-128-GB-SSD-Touchscreen-1080p-FHD-12-Display-Reliable-Business-Studies-Laptop
kilimall,https://www.kilimall.co.ke/listing/1001491460-XIAOMI-REDMI-15C-128GB-8GB-RAM-69-50MP-Smartphone
kilimall,https://www.kilimall.co.ke/listing/1001494800-XIAOMI-REDMI-15C-128GB-8GB-69-50MP-Smartphone
kilimall,https://www.kilimall.co.ke/listing/1001505808-Refurbished-Dell-Latitude-7280-Laptop-Notebook
kilimall,https://www.kilimall.co.ke/listing/1001507846-PREMIER-25L-WetDry-Vacuum-Cleaner
kilimall,https://www.kilimall.co.ke/listing/1001511971-TECNO-SPARK-40-Pro-Smart-Phone
kilimall,https://www.kilimall.co.ke/listing/1001514979-HP-ProBook-440-G3-Ultrabook
kilimall,https://www.kilimall.co.ke/listing/1001516861-Samsung-Galaxy-A17-128GB-Smartphone
kilimall,https://www.kilimall.co.ke/listing/1001525845-Infinix-Hot-60i-Smartphone
kilimall,https://www.kilimall.co.ke/listing/1001526334-Silvercrest-6500W-Blender-Countertop
kilimall,https://www.kilimall.co.ke/listing/1001536233-Lenovo-100e-Chromebook-116-Inch
kilimall,https://www.kilimall.co.ke/listing/1001537186-AILYONS-Electric-Kettle-Stainless-Steel
kilimall,https://www.kilimall.co.ke/listing/1001538140-Portable-Washers-Electric-75Kg-Folding-Washer
kilimall,https://www.kilimall.co.ke/listing/1001538284-SILVER-CREST-6500W-Heavy-Duty-Blender-2in1
kilimall,https://www.kilimall.co.ke/listing/1001538919-Lenovo-Chromebook-4GB-RAM-12-FHD
kilimall,https://www.kilimall.co.ke/listing/1001567710-CHUWI-Corebook-i3-10th-14-FHD-Laptop
kilimall,https://www.kilimall.co.ke/listing/1001582765-CALUS-C16-PRO-MAX-64GB-Smartphone
kilimall,https://www.kilimall.co.ke/listing/1001582778-CALUS-C16-PRO-MAX-66-5G-Smartphone
kilimall,https://www.kilimall.co.ke/listing/1001582808-CALUS-C16-Pro-Max-64GB-Smartphone
kilimall,https://www.kilimall.co.ke/listing/1001618759-XIAOMI-REDMI-15C-128GB-Smartphone
kilimall,https://www.kilimall.co.ke/listing/1001625181-Lenovo-Chromebook-4GB-RAM-FHD-12-Notebook
kilimall,https://www.kilimall.co.ke/listing/1001636578-Samsung-Galaxy-A07-128GB-Smartphone
kilimall,https://www.kilimall.co.ke/listing/1001646722-Ailyons-16inch-Wall-Fan
kilimall,https://www.kilimall.co.ke/listing/1001653297-EUROKEN-HS26LC24T2-24-LED-TV
kilimall,https://www.kilimall.co.ke/listing/1001659510-Samsung-Galaxy-A17-256GB-Smartphone
kilimall,https://www.kilimall.co.ke/listing/1001663098-Haier-Vestwoods-Lithium-Battery-for-Home-Appliances
kilimall,https://www.kilimall.co.ke/listing/1001673674-Lenovo-Chromebook-11-Notebook-PC
kilimall,https://www.kilimall.co.ke/listing/1001687001-Dell-Latitude-3190-x360-Touchscreen-Intel-Pentium-4GB-RAM-128GB-SSD-12-Inch-Screen-Size-Refurbished-Laptop-With-Windows-10-Pro-and-Microsoft-Office-Installed-Computer-Notebook-Techno-Supreme-Suppliers
kilimall,https://www.kilimall.co.ke/listing/1001695736-DELL-Chromebook-3180-Laptop-Computer-116-Inch-Laptop-PC-Intel-Celeron-N3060-4GB-RAM-16GB-SSD-Web-Camera-WiFi-Bluetooth-HDMI-Chrome-OS-Refurb
kilimall,https://www.kilimall.co.ke/listing/1001696311-OFFER-OFFER-Refurbished-HP-Probook-840-i58GB500GB-12GHz-processor-Windows-11-Bluetooth-Refurbished-Laptop-Notebook-Computer-Laptops
kilimall,https://www.kilimall.co.ke/listing/1001701640-SPECIAL-OFFER-LENOVO-THINKPAD-X250-CORE-I5-8GB-RAM-256GB-SSD-13-INCH-WINDOWS-11-PRO-LAPTOP-ENGLISH-KEYBOARD-BACKLIT-KEYBOARD-6-MONTH-WARRANTY
kilimall,https://www.kilimall.co.ke/listing/1001712034-Touchscreen-Refurbished-Dell-Latitude-3390-X360-2in1-Laptop-Intel-Core-i5-8th-Gen-8GB-RAM-256GB-SSD-133-Inches-FHD-Display-Refurbished-Laptop-Computer-Notebook
kilimall,https://www.kilimall.co.ke/listing/1001712071-Special-Offer-Refurbished-Lenovo-ThinkPad-T470s-Laptop-Intel-Core-i5-7th-Gen-8GB-RAM-256GB-SSD-14-Inch-Refurbished-Laptops-Windows-10-pro-and-Microsoft-Office-Installed-Computer-Notebook
kilimall,https://www.kilimall.co.ke/listing/1001713236-P-840-G3-laptop-Core-i5-6th-Gen-laptop-HP-business-laptop-student-laptop-office-laptop-refurbished-HP-laptop-8GB-RAM-laptop-256GB-SSD-laptop-Windows-11-Pro-laptop-affordable-laptop-Kenya
kilimall,https://www.kilimall.co.ke/listing/1001724804-60-litres-ecomax-deep-freezerThe-Ecomax-energysaving-chest-freezer-is-a-smallsized-home-appliance-that-is-perfect-for-storing-all-your-frozen-foods-The-freezer-has-a-capacity-of-60-liters-and-hence
kilimall,https://www.kilimall.co.ke/listing/1001726867-i716GB256GB133Refurbished-Lenovo-Thinkpad-13-Laptop-Intel-Core-i7-7th-Gen-16GB256GB133-Windows-11-Light-Strong-Student-Professional-Laptop-great-keyboard-laptop
kilimall,https://www.kilimall.co.ke/listing/1001729462-CLEARING-SALEEXTENSION-4-WAY-EXTENSION-WHITE-WITH-A-3M-LONG-CABLE-WHICH-CAN-WITHHOLD-ALL-HOME-APPLIANCES
kilimall,https://www.kilimall.co.ke/listing/1001731565-Refurbished-Hp-ProBook-645-G4-ryzen-3-7TH-GEN-25GHz-8GB-RAM-256GB-SSD-14inch-HD-screen-Display-Refurbished-Hp-Laptop-Computer-Notebook
kilimall,https://www.kilimall.co.ke/listing/1001744092-Brand-New-Chuwi-Laptop-CoreBook-X-7430U-512GB16GB-14-IPS-Screen-2K-UltraSmooth-Multitasking-Win-11-WiFi6-Bluetooth-52-65W-USBC-PD-Charging
kilimall,https://www.kilimall.co.ke/listing/1001744385-LIMITED-TIME-DEAL-CORN-MEGA-100-MAX-667HD-64GB-ROM-523GB-RAM-5000mAh-DUAL-SIM-CARD-SMART-PHONE-SIDE-FINGERPRINT-FACE-UNLOCK-3G-NETWORK13MP-ULTRA-CAMERA-8MP-SELFIESMARTPHONEFREEGIFT
kilimall,https://www.kilimall.co.ke/listing/1001746211-Refurbished-Dell-Latitude-3190-x360-Touchscreen-Intel-Pentium-4GB-RAM-128GB-SSD-12-Inch-Refurbished-Laptop-With-Windows-11-and-Microsoft-Office-Installed-Computer-Notebook-Refurbished-Laptops
kilimall,https://www.kilimall.co.ke/listing/1001747165-HP-ProBook-x360-11-G2-EE-is-a-compact-versatile-116inch-2in1-touchscreen-laptop-COI5-7TH-GENERATION-8GBRAM-256GBSSD-X360-TOUCHSCREEN
kilimall,https://www.kilimall.co.ke/listing/1001755073-SPECIAL-OFFER-LENOVO-THINKPAD-X250-CORE-I5-8GB-RAM-256GB-SSD-13-INCH-HD-DISPLAY-WINDOWS-11-PRO-ENGLISH-KEYBOARD-NOTEBOOK-LAPTOP-6-MONTH-WARRANTY
kilimall,https://www.kilimall.co.ke/listing/1001757614-Refurbished-Sony-Vaio-VJP131-Intel-Core-i5-5th-generation-laptop-4GB-RAM-128GB-SSD-Lightweight-Laptop-good-for-Students-Business-USB-30-HDMI-VGA-WiFi-ports-Bluetooth-HD-webcam-Intel-HD-Graphics
kilimall,https://www.kilimall.co.ke/listing/1001758698-Itel-A90-128GB1248GB-RAM-66-90HZ-Display-Phone-Dual-SIM-4G-Network-13MP-Camera-Fingerprint-Unlock-15W-5000-mAh-Battery-Android-14-Smart-Phones-FREE-GIFTSWATCHPOWERBANK-SPEAKER-EARPODS
kilimall,https://www.kilimall.co.ke/listing/1001764100-NEW-ARRIVALSItel-A90-128GB1248GB-RAM-66-90HZ-Display-Phone-Dual-SIM-4G-Network-13MP-Camera-Fingerprint-Unlock-15W-5000-mAh-Battery-Android-14-Octacore-Smart-Phones
kilimall,https://www.kilimall.co.ke/listing/1001764995-Lenovo-ThinkPad-X390-Yoga-Intel-Core-i5-8th-Gen-16GB-RAM-256GB-SSD-133-Full-HD-Touchscreen-x360-Convertible-Windows-11-Pro-with-MS-Office-2021-Premium-Business-Laptop
kilimall,https://www.kilimall.co.ke/listing/1001765971-HP-EliteBook-830-G56-Intel-Core-i5-8Th-generation-Refurbished-laptop-8GB-RAM-256-GB-SSD-Storage-FHD
kilimall,https://www.kilimall.co.ke/listing/1001767526-Rashnik-single-hot-plate-electric-cooker-is-home-for-quality-and-durable-home-appliances-Our-products-are-made-from-high-quality-materials-that-guarantee-durability-of-our-productsThis-porta
kilimall,https://www.kilimall.co.ke/listing/1001768450-LIMITED-OFFERS-BRAND-NEW-SAMSUNG-GALAXY-A17-128GB256GB4GB6GB8GB-67-Super-AMOLED-Display-50MP-Triple-Camera-Android-15-IP54-Waterproof-5000mAh-25W-TypeC-Charge-AI-Smart-Phones-phone
kilimall,https://www.kilimall.co.ke/listing/1001771873-New-Arrivals-MHORSE-CAMON-40-PRO-128GB-8GB-44GB-RAM-68-16MP-Selfie-32MP-REAR-CAMERA-5000mAh-Battery-TypeC-Dual-SIM-4G-Side-Fingerprint-IP64-Smart-Phones-FREE-GIFTS-JUST-FOR-YOU
kilimall,https://www.kilimall.co.ke/listing/1001773856-Refurbished-ThinkPad-Yoga-11e-Touch-Screen-x360-Intel-Celeron-4GB-Ram-128GB-SSD-116-inches-Laptop
kilimall,https://www.kilimall.co.ke/listing/1001774384-Amaze-3-burner-table-top-cooker-AMAZE-is-a-leading-manufacturer-of-electronic-home-appliances-Their-products-are-affordable-innovative-and-durable-For-every-household-and-kitchen-need
kilimall,https://www.kilimall.co.ke/listing/1001774392-2-burner-Amaze-stainless-hob-cooker-Amaze-is-a-leading-manufacturer-of-electronic-home-appliances-Their-products-are-affordable-innovative-and-durable-For-every-household-and-kitchen-need
kilimall,https://www.kilimall.co.ke/listing/1001778454-Colorful-LED-Lamp-Electric-Kettle-2L-Kitchen-Home-Appliance-BPA-Free-Interior-Safe-Material-Kettle
kilimall,https://www.kilimall.co.ke/listing/1001778481-2L-Kitchen-Home-Appliance-BPA-Free-Interior-Safe-Material-Electric-Kettle
kilimall,https://www.kilimall.co.ke/listing/1001779561-XIAOMI-Redmi-Note-15-68-6GB-RAM-128GB-6000mAh-Black-25-Months-Warranty-Smart-Phones
kilimall,https://www.kilimall.co.ke/listing/1001780323-Fan-Heater-2000W-Fast-Heating-Large-Vents-Portable-Compact-Size-Overheating-protection-Safe-Home-Appliance
kilimall,https://www.kilimall.co.ke/listing/1001789995-AILYONS-2L-Electric-Kettle-Free-4Way-Extension-Cable-CoilLess-Water-Heater-Boiler-Jug-Fast-Boil-Stainless-Steel-Durable-Convenient-Home-Appliance-Set-Power-King-Socket
kilimall,https://www.kilimall.co.ke/listing/1001790001-AILYONS-2-L-Electric-Kettle-FREE-4-WAY-SOCKET-EXTENSION-CABLE-CoilLess-Water-Heater-Boiler-Jug-Fast-Boil-Stainless-Steel-Durable-Convenient-Home-Appliance-Set-Power-King-Ailyon
kilimall,https://www.kilimall.co.ke/listing/1001792375-Ramtons-sandwich-maker-tooster-Ramtons-is-a-leading-manufacturer-of-electronic-home-appliances-Their-products-are-affordable-innovative-and-durable-For-every-household-and-kitchen-need-Ramtons-h
kilimall,https://www.kilimall.co.ke/listing/1001801207-Fridge-TV-Guard13-Amps-Amp-Power-Protection-for-TVs-Refrigerators-and-Home-Appliances
kilimall,https://www.kilimall.co.ke/listing/1001803647-Havit-HF610-Small-home-appliancesHandheld-high-speed-fan
kilimall,https://www.kilimall.co.ke/listing/1001810993-FLASH-OFFER-1PC-Premier-90L-Single-Door-Refrigerator-Energy-Saving-Compact-Fridge-Freezer-Low-Noise-Durable-Home-Appliance
kilimall,https://www.kilimall.co.ke/listing/1001811009-MEGA-OFFER-1-PC-Smartpro-180L-Chest-Freezer-Deep-Freezer-Energy-Saving-Durable-Home-Appliance
kilimall,https://www.kilimall.co.ke/listing/1001811025-HOT-OFFER-1-PC-Smartpro-180L-Chest-Deep-Freezer-Energy-Saving-Durable-Home-Appliance
kilimall,https://www.kilimall.co.ke/listing/1001815702-Protect-Your-TV-Fridge-Today-13A-Surge-Guard-Voltage-Protection-for-Home-Appliances
kilimall,https://www.kilimall.co.ke/listing/14079876-Military-Watch-Land-Air-Force-Outdoor-Sports-Watches-Army-Mens-twristwatch-Swiss-Braided-watchband-Braided-Wristband-Nylon-Watch-Trend-Matching-Gifts-Party-Sports-Running-blackone-size
kilimall,https://www.kilimall.co.ke/listing/17969350
kilimall,https://www.kilimall.co.ke/listing/19879727-2PCS-Mens-Fashion-Classic-Mens-Watches-Versatile-Trend-Business-Calendar-Quartz-Watch-Alloy-Bracelet-Golden-shell-black-belt
kilimall,https://www.kilimall.co.ke/listing/2325142-Vitron-43-QLED-Smart-TV-HTC4300QFS
kilimall,https://www.kilimall.co.ke/listing/2411567-Scarlett-Steam-Iron-2L-Electric-Kettle
kilimall,https://www.kilimall.co.ke/listing/2438056-AILYONS-Electric-Kettle-22L-Stainless-Steel
kilimall,https://www.kilimall.co.ke/listing/2457695-Air-Humidifier-Cute-Aroma-Diffuser-LED
kilimall,https://www.kilimall.co.ke/listing/2483968-New-Mute-Touch-Mopping-Robot-Wireless-Sweeping-Wet-And-Dry-AllInOne-Cleaning-Machine-Smart-Home-Appliance-Vacuum-Cleaner
kilimall,https://www.kilimall.co.ke/listing/2488867-Eurochef-55L-Gas-Cooker-3G1H
kilimall,https://www.kilimall.co.ke/listing/2849049-Lenovo-ThinkPad-X250-Laptop
kilimall,https://www.kilimall.co.ke/listing/2855837-Lenovo-Yoga-11e-2in1-Laptop
kilimall,https://www.kilimall.co.ke/listing/2855838-LIMITED-OFFERS-LENOVO-YOGA-11E-TOUCHSCREEN-4GB-RAM-128GB-SSD-INTEL-CELERON-2-IN-1-LAPTOPTOUCHSCREEN116-INCH-6-MONTHS-WARRANTYFREE-MOUSE
kilimall,https://www.kilimall.co.ke/listing/3041415-Dell-EliteBook-8460p-Laptop
kilimall,https://www.kilimall.co.ke/listing/3054740-Samsung-Galaxy-A05-64GB-50MP-Camera
kilimall,https://www.kilimall.co.ke/listing/3056589-Samsung-Galaxy-A05S-128GB-Smartphone
